{"cameraMode":{"drawMode":0,"name":"Shaded","section":"Shading Mode"},"sceneLighting":true,"audioPlay":false,"sceneViewState":{"showFog":true,"showMaterialUpdate":false,"showSkybox":true,"showFlares":true,"showImageEffects":true,"showParticleSystems":true},"in2DMode":false,"pivot":{"x":-1.2058956623077393,"y":11.71073055267334,"z":-4.944129943847656},"rotation":{"x":-0.2388736754655838,"y":0.16423049569129945,"z":-0.04102810099720955,"w":-0.9561822414398193},"size":-2.6137077808380129,"orthographic":false}